text,label,label_encoded
"I feel so empty inside, nothing brings me joy anymore. Every day is a struggle.",depression,0
"The days just blend together. Wake up, feel numb, go back to sleep.",depression,0
I cut myself because the physical pain is better than the emotional agony.,bpd,2
The flashbacks won't stop. I keep reliving that terrible day over and over.,ptsd,3
I feel like I'm watching my life from outside my body. Nothing feels real.,depression,0
"I can't talk about it. When I try, my throat closes up and I start shaking.",ptsd,3
"I feel so empty, like there's a void inside me that nothing can fill.",bpd,2
Loud noises make me jump and I'm instantly back in that moment again.,ptsd,3
People say it gets better but I've been waiting for years. Nothing changes.,depression,0
I carry guilt like a weight on my chest. Why did I survive when others didn't?,ptsd,3
I can't go near that place anymore. Just thinking about it makes me panic.,ptsd,3
I avoid anything that reminds me of what happened but it's everywhere.,ptsd,3
Everyone always leaves me. I must be fundamentally unlovable and broken.,bpd,2
Nobody would miss me if I was gone. I'm just a burden to everyone.,depression,0
My hypervigilance is exhausting. I'm constantly scanning for threats.,ptsd,3
I feel like everyone is judging me. I can't go to social events anymore.,anxiety,1
My friends keep inviting me out but I just want to stay in bed forever.,depression,0
I've been crying for hours and I don't even know why anymore.,depression,0
"I idealize people then completely devalue them. Black and white, no in between.",bpd,2
I used to love painting but now I can't even pick up a brush. What's the point?,depression,0
I react so intensely to everything. A small criticism feels like the end of the world.,bpd,2
I had three panic attacks today. I'm terrified of leaving the house.,anxiety,1
My friend didn't text me back fast enough so obviously they hate me now.,bpd,2
I avoid sleeping because the nightmares are too vivid and terrifying.,ptsd,3
I check my email obsessively because I'm terrified I missed something important.,anxiety,1
"I've become numb. I can't feel happy or sad anymore, just empty and alert.",ptsd,3
I can't stop worrying about everything. My heart races constantly and I can't breathe.,anxiety,1
I can feel my heart pounding in my chest even when I'm just sitting still.,anxiety,1
I look at old photos of myself smiling and wonder where that person went.,depression,0
I love my partner more than anything but right now I hate them so much I can't stand it.,bpd,2
What if I said something wrong yesterday? Everyone probably hates me now.,anxiety,1
What if something terrible happens? I keep checking the locks over and over.,anxiety,1
The world feels like it's closing in on me. I need to escape but there's nowhere to go.,anxiety,1
Certain smells instantly transport me back and I lose all sense of present time.,ptsd,3
I can't concentrate on anything. My mind is just foggy and dark all the time.,depression,0
"One minute I'm on top of the world, the next I want to disappear forever.",bpd,2
I blame myself every day for what happened even though it wasn't my fault.,ptsd,3
I'm terrified of abandonment but I also push everyone away. It makes no sense.,bpd,2
Why do I sabotage every good relationship? I push people away then beg them to stay.,bpd,2
I spent 2 hours planning a 10-minute grocery trip to minimize my anxiety.,anxiety,1
I make impulsive decisions when I'm upset and regret them immediately after.,bpd,2
Can't remember the last time I felt happy. Everything seems pointless and gray.,depression,0
I've been awake for 48 hours because I can't turn off my racing thoughts.,anxiety,1
"I'm so tired all the time, but I can't sleep. Nothing matters anymore.",depression,0
I wake up screaming from nightmares every single night. I'm exhausted.,ptsd,3
My mood swings are exhausting. I can't control how I feel from moment to moment.,bpd,2
I don't even know who I am anymore. My personality changes with whoever I'm around.,bpd,2
I rehearse conversations in my head 100 times before I make a simple phone call.,anxiety,1
I can't trust anyone anymore. The world feels dangerous and I'm always on edge.,ptsd,3
Everything feels heavy. Even breathing feels like too much effort.,depression,0
Every notification on my phone makes my heart jump. What if it's bad news?,anxiety,1
My chest is tight and I'm sweating but the doctors say I'm fine. How can this be anxiety?,anxiety,1
I'm always irritable and angry now. It's like I'm a different person.,ptsd,3
"What if I fail the exam? What if I lose my job? What if, what if, what if?",anxiety,1
Food has no taste. Music has no meaning. Colors look dull. Is this living?,depression,0
Sometimes I feel like I'm multiple people trapped in one body.,bpd,2
The guilt is crushing me. I've let everyone down and I can't fix it.,depression,0
I avoid driving because what if I cause an accident? The thought paralyzes me.,anxiety,1
"I feel detached from everyone, like I'm behind a glass wall watching life.",ptsd,3
"I feel like I'm too much for everyone. Too emotional, too needy, too intense.",bpd,2
