text,label,label_encoded,text_clean
I'm always irritable and angry now. It's like I'm a different person.,ptsd,3,im always irritable and angry now. its like im a different person.
I can't concentrate on anything. My mind is just foggy and dark all the time.,depression,0,i cant concentrate on anything. my mind is just foggy and dark all the time.
Can't remember the last time I felt happy. Everything seems pointless and gray.,depression,0,cant remember the last time i felt happy. everything seems pointless and gray.
"I idealize people then completely devalue them. Black and white, no in between.",bpd,2,"i idealize people then completely devalue them. black and white, no in between."
I avoid anything that reminds me of what happened but it's everywhere.,ptsd,3,i avoid anything that reminds me of what happened but its everywhere.
My friends keep inviting me out but I just want to stay in bed forever.,depression,0,my friends keep inviting me out but i just want to stay in bed forever.
Everyone always leaves me. I must be fundamentally unlovable and broken.,bpd,2,everyone always leaves me. i must be fundamentally unlovable and broken.
The flashbacks won't stop. I keep reliving that terrible day over and over.,ptsd,3,the flashbacks wont stop. i keep reliving that terrible day over and over.
I avoid driving because what if I cause an accident? The thought paralyzes me.,anxiety,1,i avoid driving because what if i cause an accident? the thought paralyzes me.
I've been crying for hours and I don't even know why anymore.,depression,0,ive been crying for hours and i dont even know why anymore.
My hypervigilance is exhausting. I'm constantly scanning for threats.,ptsd,3,my hypervigilance is exhausting. im constantly scanning for threats.
Certain smells instantly transport me back and I lose all sense of present time.,ptsd,3,certain smells instantly transport me back and i lose all sense of present time.
Nobody would miss me if I was gone. I'm just a burden to everyone.,depression,0,nobody would miss me if i was gone. im just a burden to everyone.
I feel like everyone is judging me. I can't go to social events anymore.,anxiety,1,i feel like everyone is judging me. i cant go to social events anymore.
I spent 2 hours planning a 10-minute grocery trip to minimize my anxiety.,anxiety,1,i spent 2 hours planning a 10minute grocery trip to minimize my anxiety.
Every notification on my phone makes my heart jump. What if it's bad news?,anxiety,1,every notification on my phone makes my heart jump. what if its bad news?
Food has no taste. Music has no meaning. Colors look dull. Is this living?,depression,0,food has no taste. music has no meaning. colors look dull. is this living?
What if I said something wrong yesterday? Everyone probably hates me now.,anxiety,1,what if i said something wrong yesterday? everyone probably hates me now.
I react so intensely to everything. A small criticism feels like the end of the world.,bpd,2,i react so intensely to everything. a small criticism feels like the end of the world.
I blame myself every day for what happened even though it wasn't my fault.,ptsd,3,i blame myself every day for what happened even though it wasnt my fault.
My chest is tight and I'm sweating but the doctors say I'm fine. How can this be anxiety?,anxiety,1,my chest is tight and im sweating but the doctors say im fine. how can this be anxiety?
I make impulsive decisions when I'm upset and regret them immediately after.,bpd,2,i make impulsive decisions when im upset and regret them immediately after.
"What if I fail the exam? What if I lose my job? What if, what if, what if?",anxiety,1,"what if i fail the exam? what if i lose my job? what if, what if, what if?"
I don't even know who I am anymore. My personality changes with whoever I'm around.,bpd,2,i dont even know who i am anymore. my personality changes with whoever im around.
I had three panic attacks today. I'm terrified of leaving the house.,anxiety,1,i had three panic attacks today. im terrified of leaving the house.
Why do I sabotage every good relationship? I push people away then beg them to stay.,bpd,2,why do i sabotage every good relationship? i push people away then beg them to stay.
I can't go near that place anymore. Just thinking about it makes me panic.,ptsd,3,i cant go near that place anymore. just thinking about it makes me panic.
I can't stop worrying about everything. My heart races constantly and I can't breathe.,anxiety,1,i cant stop worrying about everything. my heart races constantly and i cant breathe.
What if something terrible happens? I keep checking the locks over and over.,anxiety,1,what if something terrible happens? i keep checking the locks over and over.
"I've become numb. I can't feel happy or sad anymore, just empty and alert.",ptsd,3,"ive become numb. i cant feel happy or sad anymore, just empty and alert."
I avoid sleeping because the nightmares are too vivid and terrifying.,ptsd,3,i avoid sleeping because the nightmares are too vivid and terrifying.
I love my partner more than anything but right now I hate them so much I can't stand it.,bpd,2,i love my partner more than anything but right now i hate them so much i cant stand it.
"I feel so empty inside, nothing brings me joy anymore. Every day is a struggle.",depression,0,"i feel so empty inside, nothing brings me joy anymore. every day is a struggle."
"One minute I'm on top of the world, the next I want to disappear forever.",bpd,2,"one minute im on top of the world, the next i want to disappear forever."
"I feel so empty, like there's a void inside me that nothing can fill.",bpd,2,"i feel so empty, like theres a void inside me that nothing can fill."
I've been awake for 48 hours because I can't turn off my racing thoughts.,anxiety,1,ive been awake for 48 hours because i cant turn off my racing thoughts.
I'm terrified of abandonment but I also push everyone away. It makes no sense.,bpd,2,im terrified of abandonment but i also push everyone away. it makes no sense.
Loud noises make me jump and I'm instantly back in that moment again.,ptsd,3,loud noises make me jump and im instantly back in that moment again.
I feel like I'm watching my life from outside my body. Nothing feels real.,depression,0,i feel like im watching my life from outside my body. nothing feels real.
Everything feels heavy. Even breathing feels like too much effort.,depression,0,everything feels heavy. even breathing feels like too much effort.
People say it gets better but I've been waiting for years. Nothing changes.,depression,0,people say it gets better but ive been waiting for years. nothing changes.
"I can't talk about it. When I try, my throat closes up and I start shaking.",ptsd,3,"i cant talk about it. when i try, my throat closes up and i start shaking."
I cut myself because the physical pain is better than the emotional agony.,bpd,2,i cut myself because the physical pain is better than the emotional agony.
I rehearse conversations in my head 100 times before I make a simple phone call.,anxiety,1,i rehearse conversations in my head 100 times before i make a simple phone call.
I can feel my heart pounding in my chest even when I'm just sitting still.,anxiety,1,i can feel my heart pounding in my chest even when im just sitting still.
My mood swings are exhausting. I can't control how I feel from moment to moment.,bpd,2,my mood swings are exhausting. i cant control how i feel from moment to moment.
I can't trust anyone anymore. The world feels dangerous and I'm always on edge.,ptsd,3,i cant trust anyone anymore. the world feels dangerous and im always on edge.
The guilt is crushing me. I've let everyone down and I can't fix it.,depression,0,the guilt is crushing me. ive let everyone down and i cant fix it.
I carry guilt like a weight on my chest. Why did I survive when others didn't?,ptsd,3,i carry guilt like a weight on my chest. why did i survive when others didnt?
I look at old photos of myself smiling and wonder where that person went.,depression,0,i look at old photos of myself smiling and wonder where that person went.
